{
  "reference_n": 2800,
  "real_vs_real_floor": 37.59680938720703,
  "models": {
    "base": {
      "n": 2048,
      "fid": 128.3465576171875,
      "clip": 32.720303535461426,
      "fid_above_floor": 90.74974822998047
    },
    "lora_r4": {
      "n": 2048,
      "fid": 116.8742904663086,
      "clip": 32.66611099243164,
      "fid_above_floor": 79.27748107910156
    },
    "lora_r16_s1.0": {
      "n": 2048,
      "fid": 119.30243682861328,
      "clip": 32.88676738739014,
      "fid_above_floor": 81.70562744140625
    },
    "lora_r16_s1.5": {
      "n": 2048,
      "fid": 112.82149505615234,
      "clip": 32.932692766189575,
      "fid_above_floor": 75.22468566894531
    },
    "full_ft": {
      "n": 2048,
      "fid": 122.95317840576172,
      "clip": 32.77812898159027,
      "fid_above_floor": 85.35636901855469
    },
    "full_ft_matched": {
      "n": 2048,
      "fid": 121.48098754882812,
      "clip": 32.83509016036987,
      "fid_above_floor": 83.8841781616211
    }
  }
}